Feature Set,Train AUC,Test AUC,Train Balanced Accuracy,Test Balanced Accuracy,Sensitivity,Specificity,Train AUC_CI,Test AUC_CI,Train Balanced Accuracy_CI,Test Balanced Accuracy_CI,Sensitivity_CI,Specificity_CI
Genetics,0.8123243935485427,0.7424263294956139,0.7327484860497862,0.6862390350877193,0.6338377192982456,0.738640350877193,0.81 ± 0.01,0.74 ± 0.04,0.73 ± 0.02,0.69 ± 0.03,0.63 ± 0.11,0.74 ± 0.09
Clinical,0.6622559559777996,0.6107926717836257,0.6388740038002542,0.5982456140350878,0.5062061403508771,0.6902850877192982,0.66 ± 0.02,0.61 ± 0.01,0.64 ± 0.01,0.60 ± 0.02,0.51 ± 0.05,0.69 ± 0.05
Olink,0.9417022151736342,0.8658074058845029,0.8700367722444738,0.7876864035087718,0.776359649122807,0.7990131578947368,0.94 ± 0.01,0.87 ± 0.02,0.87 ± 0.02,0.79 ± 0.03,0.78 ± 0.07,0.80 ± 0.05
Demographics,0.8546778311511346,0.8188766675804093,0.7774636720298552,0.7490350877192983,0.7803728070175439,0.7176973684210527,0.85 ± 0.02,0.82 ± 0.05,0.78 ± 0.02,0.75 ± 0.03,0.78 ± 0.06,0.72 ± 0.11
Combined without Clinical,0.9417051567241662,0.8943690606725145,0.8676752833103223,0.821173245614035,0.8201754385964912,0.8221710526315789,0.94 ± 0.00,0.89 ± 0.02,0.87 ± 0.01,0.82 ± 0.04,0.82 ± 0.06,0.82 ± 0.04
Combined,0.9512001937701682,0.8989012244152047,0.879447186034749,0.8253728070175438,0.8201535087719296,0.8305921052631579,0.95 ± 0.02,0.90 ± 0.02,0.88 ± 0.02,0.83 ± 0.03,0.82 ± 0.06,0.83 ± 0.04
