Feature Set,Train AUC,Test AUC,Train Balanced Accuracy,Test Balanced Accuracy,Sensitivity,Specificity,Train AUC_CI,Test AUC_CI,Train Balanced Accuracy_CI,Test Balanced Accuracy_CI,Sensitivity_CI,Specificity_CI
Genetics,0.7062575473976572,0.5835406351889868,0.6568681318681319,0.5648351648351648,0.5714285714285714,0.5582417582417583,0.71 ± 0.14,0.58 ± 0.04,0.66 ± 0.11,0.56 ± 0.02,0.57 ± 0.12,0.56 ± 0.10
Clinical,0.5500452843859438,0.5153121603671054,0.5434065934065935,0.5252747252747253,0.14065934065934066,0.9098901098901099,0.55 ± 0.02,0.52 ± 0.03,0.54 ± 0.01,0.53 ± 0.03,0.14 ± 0.04,0.91 ± 0.09
Olink,0.9072160669001329,0.7300205289216278,0.8285714285714286,0.6714285714285715,0.6901098901098901,0.6527472527472528,0.91 ± 0.05,0.73 ± 0.03,0.83 ± 0.08,0.67 ± 0.03,0.69 ± 0.05,0.65 ± 0.06
Demographics,0.7989214768747734,0.7742060137664535,0.7296703296703297,0.7153846153846153,0.8219780219780219,0.6087912087912088,0.80 ± 0.01,0.77 ± 0.03,0.73 ± 0.01,0.72 ± 0.04,0.82 ± 0.10,0.61 ± 0.10
Combined without Clinical,0.9020400615867649,0.7813549088274363,0.8107142857142857,0.7087912087912087,0.7934065934065935,0.6241758241758242,0.90 ± 0.07,0.78 ± 0.03,0.81 ± 0.10,0.71 ± 0.02,0.79 ± 0.03,0.62 ± 0.06
Combined,0.8759743690375558,0.778094433039488,0.779945054945055,0.7032967032967034,0.8043956043956044,0.6021978021978022,0.88 ± 0.03,0.78 ± 0.04,0.78 ± 0.04,0.70 ± 0.02,0.80 ± 0.04,0.60 ± 0.04
